2,badgalriri
1,diddy
2,katyperry
1,realdonaldtrump
2,emmawatson
1,rsvpmase
1,neyo
1,ludacris
1,tpain
2,tasha4realsmith
2,niecynash1
1,lancegross
2,masterchefshiprakhanna
1,therealyking
2,dewiyuliana865
2,samburskaya
2,buzova86
2,alphafoodie
1,artyom_vizart
2,super.mamasita
2,tinakarol_official
2,tinakaroll
1,arnisaveolla
1,ilya_sinus
2,xenia_sobchak
2,nastya_slava
1,blackstarofficial
1,igorzmeykov
2,nicholeciotti
2,colormecourtney
1,dima_maslen
2,bortich
3,thenextweb
2,ks_pravo
2,anitatsoy
2,laima_vaikule_official
1,eminofficial
1,yaropat
3,martakirr
3,indahash
3,tribe
3,nespresso
2,taylorswift
1,neymarjr
2,vilmontmary
2,suxova
2,margo.cooper
3,bmw
3,gucci
3,prada
3,rolex
3,bugatti
3,gq
3,gopro
3,redbull
3,bmwusa
3,nvidia
3,intel
3,amd
3,gigabyte_official
3,corsair
3,qantas
2,monyettashaw
3,team_fotostrana
2,liasanutiasheva
2,arden_cho
2,barbaraevans22
2,toneitup
2,milliebobbybrown
2,gigihadid
2,calleypoche
2,gal_gadot